{
  "a": 0.18828398276227476,
  "b": 0.003161684080280786,
  "n": 1200,
  "auc": 0.5065837905410098,
  "source": "meta_p_xgb_raw",
  "last_success_ts": "2025-12-19T04:49:04.742865Z"
}