{
  "intercept": 0.09760664650304428,
  "coef": [
    0.019021875182754437,
    0.0,
    0.0,
    -0.019763999319038453,
    -0.09779880753095203
  ],
  "features": [
    "p_buy",
    "cvd_divergence",
    "vwap_reversion_flag",
    "wick_extreme_up",
    "wick_extreme_down"
  ],
  "scaler_mean": [
    0.49160506071222854,
    0.0,
    0.0,
    0.31020133370687075,
    0.27868422573897217
  ],
  "scaler_scale": [
    0.15022988635736748,
    1.0,
    1.0,
    0.3388923200405594,
    0.32295142730501114
  ]
}