{
  "a": 0.09409438884877915,
  "auc": 0.50668677978909,
  "b": 0.002149702052039137,
  "base_rate_buy": 0.495,
  "brier_after": 0.24982946295965167,
  "brier_before": 0.2562910992830654,
  "generated_at": "2025-12-19T09:30:50.088874+00:00",
  "inverted": true,
  "n": 1200,
  "source": "recent_all"
}