{
  "a": 0.08477376502070329,
  "auc": 0.5060058224809992,
  "b": 0.0019203608387879142,
  "base_rate_buy": 0.49666666666666665,
  "brier_after": 0.24986185184235918,
  "brier_before": 0.2565993921643649,
  "generated_at": "2025-12-19T09:22:12.490872+00:00",
  "inverted": true,
  "n": 1200,
  "source": "recent_all"
}