{
  "a": 0.10644369781952859,
  "auc": 0.506801861240364,
  "b": 0.0023656187896974653,
  "base_rate_buy": 0.49583333333333335,
  "brier_after": 0.24981003501563656,
  "brier_before": 0.25601325936927394,
  "generated_at": "2025-12-19T08:40:34.483997+00:00",
  "inverted": true,
  "n": 1200,
  "source": "recent_all"
}