{
  "a": 0.11914566377300495,
  "b": 0.002126124904191947,
  "base_rate_buy": 0.5041666666666667,
  "brier_after": 0.24997127282368864,
  "brier_before": 0.25159969553826866,
  "generated_at": "2025-12-19T05:28:18.198528+00:00",
  "inverted": true,
  "n": 1200,
  "source": "recent_all"
}