{
  "a": 0.182904009105916,
  "b": 0.003647275857821048,
  "base_rate_buy": 0.5,
  "brier_after": 0.24993068865547866,
  "brier_before": 0.2519544732960695,
  "generated_at": "2025-12-19T06:20:59.840288+00:00",
  "inverted": true,
  "n": 1200,
  "source": "recent_all"
}