{
  "a": 0.17852875205129815,
  "b": 0.003573366107917094,
  "base_rate_buy": 0.5,
  "brier_after": 0.24993390354317177,
  "brier_before": 0.2519392580004812,
  "generated_at": "2025-12-19T06:37:50.711455+00:00",
  "inverted": true,
  "n": 1200,
  "source": "recent_all"
}