{
  "intercept": 0.029753522419224007,
  "coef": [
    0.05193758200317143,
    0.0,
    0.0,
    0.00861900720624877,
    -0.038406710582828935
  ],
  "features": [
    "p_buy",
    "cvd_divergence",
    "vwap_reversion_flag",
    "wick_extreme_up",
    "wick_extreme_down"
  ],
  "scaler_mean": [
    0.48167616554105813,
    0.0,
    0.0,
    0.28436323149707876,
    0.2917200462793861
  ],
  "scaler_scale": [
    0.07296258499472824,
    1.0,
    1.0,
    0.3356095356680516,
    0.33801633812324167
  ]
}