{
  "a": 0.1677997388164723,
  "auc": 0.5078972441590115,
  "b": 0.003471992799763592,
  "base_rate_buy": 0.49916666666666665,
  "brier_after": 0.24959077298120463,
  "brier_before": 0.25465705778693554,
  "generated_at": "2025-12-19T07:21:02.380524+00:00",
  "inverted": true,
  "n": 1200,
  "source": "recent_all"
}