{
  "a": 0.17013401311570636,
  "b": 0.003519997677303134,
  "base_rate_buy": 0.5,
  "brier_after": 0.249939462080296,
  "brier_before": 0.2519302669109494,
  "generated_at": "2025-12-19T06:54:34.209809+00:00",
  "inverted": true,
  "n": 1200,
  "source": "recent_all"
}