{
  "a": 0.16370184293594736,
  "b": 0.002701772039351685,
  "n": 1200,
  "auc": 0.5057656781720953,
  "source": "meta_p_xgb_raw",
  "last_success_ts": "2025-12-19T04:40:25.989567Z"
}