{
  "a": 0.13980129181087197,
  "auc": 0.5070500783342037,
  "b": 0.0028501719127806795,
  "base_rate_buy": 0.49833333333333335,
  "brier_after": 0.24970696663285424,
  "brier_before": 0.25525456707659816,
  "generated_at": "2025-12-19T07:29:36.641905+00:00",
  "inverted": true,
  "n": 1200,
  "source": "recent_all"
}