{
  "a": 0.18391566439857043,
  "b": 0.0036642377372905076,
  "base_rate_buy": 0.5,
  "brier_after": 0.2499299306130593,
  "brier_before": 0.25195816096904533,
  "generated_at": "2025-12-19T06:29:15.686453+00:00",
  "inverted": true,
  "n": 1200,
  "source": "recent_all"
}