{
  "a": 0.13122053339693465,
  "b": 0.002364170172467939,
  "base_rate_buy": 0.5033333333333333,
  "brier_after": 0.24996522818559086,
  "brier_before": 0.2516523260032135,
  "generated_at": "2025-12-19T05:37:28.390060+00:00",
  "inverted": true,
  "n": 1200,
  "source": "recent_all"
}