{
  "a": 0.1563281201128028,
  "b": 0.0030598602004872624,
  "base_rate_buy": 0.5008333333333334,
  "brier_after": 0.2499494166356417,
  "brier_before": 0.2518349792468343,
  "generated_at": "2025-12-19T06:13:02.905478+00:00",
  "inverted": true,
  "n": 1200,
  "source": "recent_all"
}