{
  "a": 0.15428010265406958,
  "b": 0.003156456123441338,
  "base_rate_buy": 0.5008333333333334,
  "brier_after": 0.24995016953619748,
  "brier_before": 0.2518575411071222,
  "generated_at": "2025-12-19T06:45:58.039130+00:00",
  "inverted": true,
  "n": 1200,
  "source": "recent_all"
}