{
  "a": 3.435997910083263,
  "b": -0.00011327059649809642
}