{
  "a": 0.10473735240041568,
  "auc": 0.5061834020378004,
  "b": 0.00227237050768845,
  "base_rate_buy": 0.49833333333333335,
  "brier_after": 0.24982219771393654,
  "brier_before": 0.25617827589068337,
  "generated_at": "2025-12-19T07:45:36.339144+00:00",
  "inverted": true,
  "n": 1200,
  "source": "recent_all"
}