{
  "a": 0.13939120196122654,
  "b": 0.002532818668959972,
  "base_rate_buy": 0.5016666666666667,
  "brier_after": 0.24996082896385274,
  "brier_before": 0.25169820822626887,
  "generated_at": "2025-12-19T05:54:59.624933+00:00",
  "inverted": true,
  "n": 1200,
  "source": "recent_all"
}