{
  "a": 0.09628265083938903,
  "auc": 0.50605026890084,
  "b": 0.002161256332562514,
  "base_rate_buy": 0.49666666666666665,
  "brier_after": 0.2498456235281884,
  "brier_before": 0.25631034678984443,
  "generated_at": "2025-12-19T09:05:10.470488+00:00",
  "inverted": true,
  "n": 1200,
  "source": "recent_all"
}