{
  "a": 0.07854535302500756,
  "auc": 0.5052252322325437,
  "b": 0.001788360886482303,
  "base_rate_buy": 0.49666666666666665,
  "brier_after": 0.2498871756177032,
  "brier_before": 0.2567386790155545,
  "generated_at": "2025-12-19T09:13:16.072188+00:00",
  "inverted": true,
  "n": 1200,
  "source": "recent_all"
}