{
  "a": 0.18591231780555217,
  "b": 0.0034950858335897014,
  "base_rate_buy": 0.5008333333333334,
  "brier_after": 0.2499296545014504,
  "brier_before": 0.25190651759222615,
  "generated_at": "2025-12-19T06:04:32.493358+00:00",
  "inverted": true,
  "n": 1200,
  "source": "recent_all"
}