{
  "a": 0.08938915401516513,
  "auc": 0.5053265220519402,
  "b": 0.0019606560623016923,
  "base_rate_buy": 0.4975,
  "brier_after": 0.24986561520429681,
  "brier_before": 0.2564868549683339,
  "generated_at": "2025-12-19T08:32:07.831794+00:00",
  "inverted": true,
  "n": 1200,
  "source": "recent_all"
}