{
  "intercept": 1.439768795409569,
  "coef": [
    -0.007902385407321612,
    0.0,
    0.0,
    0.029911659451449697,
    0.03403798190174254
  ],
  "features": [
    "p_buy",
    "cvd_divergence",
    "vwap_reversion_flag",
    "wick_extreme_up",
    "wick_extreme_down"
  ],
  "scaler_mean": [
    0.4952343124483884,
    0.0,
    0.0,
    0.27826119767627466,
    0.28666074256475105
  ],
  "scaler_scale": [
    0.15192463598680583,
    1.0,
    1.0,
    0.33675511212004566,
    0.3396577554585277
  ]
}