{
  "a": 0.13945475146321992,
  "b": 0.0025338253345703666,
  "base_rate_buy": 0.5016666666666667,
  "brier_after": 0.24996079371349025,
  "brier_before": 0.25169843178302254,
  "generated_at": "2025-12-19T05:46:20.559801+00:00",
  "inverted": true,
  "n": 1200,
  "source": "recent_all"
}