{
  "atr_1t": {
    "mean": 9.004829623053807,
    "std": 4.468727942500585
  },
  "cvd_divergence": {
    "mean": 0.0,
    "std": 0.07111729586515
  },
  "ema_21": {
    "mean": 23898.263756550095,
    "std": 1255.2755020202364
  },
  "ema_50": {
    "mean": 23898.33632403989,
    "std": 1255.0507565789526
  },
  "ema_8": {
    "mean": 23898.24314237024,
    "std": 1255.391206378313
  },
  "last_zscore": {
    "mean": 0.030616114183640544,
    "std": 1.3398419089834934
  },
  "mean_drift_pct": {
    "mean": -1.6704249468345505e-05,
    "std": 0.002554203145676263
  },
  "micro_imbalance": {
    "mean": 0.0016558718444604752,
    "std": 0.12613180004736907
  },
  "micro_slope": {
    "mean": 1.4423412378580316e-10,
    "std": 0.0001426426147637633
  },
  "rv_10": {
    "mean": 0.029917145526791155,
    "std": 0.21105935525704794
  },
  "ta_bb_bw": {
    "mean": 0.0018129874831135395,
    "std": 0.0014709011096087636
  },
  "ta_bb_pctb": {
    "mean": 0.5085338274211181,
    "std": 0.3069314488243471
  },
  "ta_macd_hist": {
    "mean": 0.014832062278948734,
    "std": 2.4328878479438814
  },
  "ta_rsi14": {
    "mean": 50.40565430556603,
    "std": 11.769607566073294
  },
  "tod_cos": {
    "mean": -0.2435051587290303,
    "std": 0.40106467108036453
  },
  "tod_sin": {
    "mean": 0.8722881082575648,
    "std": 0.137716460439512
  },
  "vwap_reversion_flag": {
    "mean": 3.0839449824215136e-05,
    "std": 0.014692691982677666
  },
  "wick_extreme_down": {
    "mean": 0.3035731574389579,
    "std": 0.3437393874457723
  },
  "wick_extreme_up": {
    "mean": 0.3048667565378998,
    "std": 0.3427571667508446
  }
}