{
  "intercept": -0.04390337291753849,
  "coef": [
    -0.1942171391020623,
    0.0,
    0.0,
    -0.022727883602190854,
    0.16083130862757997
  ],
  "features": [
    "p_buy",
    "cvd_divergence",
    "vwap_reversion_flag",
    "wick_extreme_up",
    "wick_extreme_down"
  ],
  "scaler_mean": [
    0.4899136780424321,
    0.0,
    0.0,
    0.26576798546814545,
    0.40774711614173487
  ],
  "scaler_scale": [
    0.05095114124013158,
    1.0,
    1.0,
    0.345967658215614,
    0.35944005152460456
  ]
}