{
  "a": 0.09868202011437088,
  "auc": 0.5061057081982604,
  "b": 0.0022147130386652026,
  "base_rate_buy": 0.4975,
  "brier_after": 0.24983859830806415,
  "brier_before": 0.25631034678984443,
  "generated_at": "2025-12-19T08:57:03.955743+00:00",
  "inverted": true,
  "n": 1200,
  "source": "recent_all"
}