{
  "a": 0.18828398276227476,
  "b": 0.003161684080280786,
  "base_rate_buy": 0.5041666666666667,
  "brier_after": 0.24993151072031936,
  "brier_before": 0.2517528294173791,
  "generated_at": "2025-12-19T05:10:53.522968+00:00",
  "inverted": true,
  "n": 1200,
  "source": "recent_all"
}