{
  "a": 0.10240261728196486,
  "auc": 0.5061334866705001,
  "b": 0.002222081975073738,
  "base_rate_buy": 0.4975,
  "brier_after": 0.24982934365741138,
  "brier_before": 0.25617827589068337,
  "generated_at": "2025-12-19T07:46:38.904759+00:00",
  "inverted": true,
  "n": 1200,
  "source": "recent_all"
}