{
  "intercept": 0.028053028559749074,
  "coef": [
    0.06196205565753774,
    0.0,
    0.0,
    0.002969301584685108,
    -0.03151487272127179
  ],
  "features": [
    "p_buy",
    "cvd_divergence",
    "vwap_reversion_flag",
    "wick_extreme_up",
    "wick_extreme_down"
  ],
  "scaler_mean": [
    0.4817838573496943,
    0.0,
    0.0,
    0.2853574343534225,
    0.29136727496097614
  ],
  "scaler_scale": [
    0.072739263910656,
    1.0,
    1.0,
    0.3357744296237751,
    0.33793199122041395
  ]
}